mysql> SELECT salary FROM employee_payroll WHERE name = 'Devid';
+--------+
| salary |
+--------+
|  30000 |
+--------+
1 row in set (0.00 sec)
mysql> SELECT name FROM employee_payroll WHERE start_date BETWEEN '2020-01-01' AND DATE (NOW());
+--------+
| name   |
+--------+
| Devid  |
| Prince |
| Diana  |
+--------+
3 rows in set (0.00 sec)
